{
    "id": "articalmc",
    "name": "ArticalMC",
    "website": "https://www.articalmc.it/",
    "store": "https://store.articalmc.it/",
    "description": "ArticalMC is the best server of Kitpvp OP.",
    "addresses": [
        "articalmc.it"
    ],
    "primaryAddress": "play.articalmc.it",
    "minecraftVersions": [
        "1.7.*",
        "1.8.*",
        "1.12.*",
        "1.16.*",
        "1.17.*",
        "1.18.*",
        "1.19.*",
        "1.20.*"
    ],
    "primaryMinecraftVersion": "1.8.8",
    "primaryColor": "#00ffff",
    "secondaryColor": "#262d37",
    "primaryLanguage": "it",
    "languages": [
        "it"
    ],
    "primaryRegion": "EU",
    "regions": [
        "EU"
    ],
    "gameTypes": [
        "PvP",
        "Minigames"
    ],
    "socials": {
        "discord": "https://discord.com/invite/3YjpjBahw9",
        "instagram": "artical.it",
        "telegram": "ArticalMC",
        "tiktok": "play.articalmc.it"
    }
}
