{
    "id": "imperior",
    "name": "ImperiorCraft",
    "description": "Minecraft KITMAP & Other",
    "addresses": [
        "play.imperiorcraft.net"
    ],
    "primaryAddress": "play.imperiorcraft.net",
    "minecraftVersions": [
        "1.7.*",
        "1.8*"
        "1.18.1*"
        "1.18.2*"
    ],
    "primaryMinecraftVersion": "1.8.9",
    "primaryColor": "#ff1732",
    "secondaryColor": "#00ffff",
    "primaryRegion": "EU",
    "regions": [
        "NA"
        "EU"
    ],
    "gameTypes": [
        "PvP",
        "KITMAP"
       "BEDWARS"
    ],
    "store": "https://store.imperiorcraft.net",
    "socials": {
        "discord": "https://discord.imperiorcraft.net"
    }
}