{
    "id": "geistmc",
    "name": "GeistMC",
    "store": "https://store.geistmc.cc",
    "description": "Lovely Practice Server",
    "addresses": [
        "geistmc.cc",
        "houpcuy.cc",
	"neverminds.cc"
    ],
    "primaryColor": "#FF00FF",
    "secondaryColor": "#ffffff",
    "minecraftVersions": [
        "1.7.*",
        "1.8.*"
    ],
    "primaryMinecraftVersion": "1.8.9",
    "primaryRegion": "AS",
    "regions": [
        "AS"
    ],
    "primaryLanguage": "zh-CN",
    "languages": [
        "zh-CN",
        "en"
    ],
    "gameTypes": [
        "PvP",
        "Minigames"
    ],
}