{
    "id": "stew",
    "name": "Stew",
    "website": "https://stew.rip/",
    "store": "https://store.stew.rip",
    "addresses": [
        "stew.rip",
        "eu.stew.rip"
    ],
    "primaryAddress": "stew.rip",
    "primaryColor": "#ecb845",
    "secondaryColor": "#522e23",
    "minecraftVersions": [
        "1.7.*",
        "1.8.*",
        "1.12.*",
        "1.16.*",
        "1.17.*",
        "1.18.*",
        "1.19.*",
        "1.20.*"
    ],
    "primaryMinecraftVersion": "1.8.9",
    "gameTypes": [
        "Soup",
        "PvP"
    ]
}